dataset_file,tasks_count,distribution,objective,count_vm_1,count_vm_2,count_vm_3,count_vm_4,total_energy_consumption,simulation_time,all_vm_count,all_vm_mips,all_vm_cores,topsis_score
2500_0_100.csv,2500,0/100,c,1,1,1,21,0.88,6.47,24,354000,92,0.813632
2500_10_90.csv,2500,10/90,c,1,1,1,21,0.84,6.14,24,354000,92,0.813444
2500_100_0.csv,2500,100/0,c,1,4,2,10,0.44,5.29,17,202000,58,0.917069
2500_20_80.csv,2500,20/80,c,1,1,1,19,0.79,6.4,22,322000,84,0.831606
2500_30_70.csv,2500,30/70,c,1,1,2,17,0.75,6.44,21,302000,80,0.759074
2500_40_60.csv,2500,40/60,c,1,1,2,15,0.71,6.73,19,270000,72,0.781978
2500_50_50.csv,2500,50/50,c,1,1,2,16,0.66,5.91,20,286000,76,0.78933
2500_60_40.csv,2500,60/40,c,1,1,2,15,0.63,6.02,19,270000,72,0.806281
2500_70_30.csv,2500,70/30,c,1,1,2,14,0.58,5.87,18,254000,68,0.803544
2500_80_20.csv,2500,80/20,c,1,1,1,15,0.52,5.22,18,258000,68,0.834084
2500_90_10.csv,2500,90/10,c,2,4,1,12,0.49,5.26,19,224000,64,0.870136
5000_0_100.csv,5000,0/100,c,1,1,1,23,1.73,11.69,26,386000,100,0.861055
5000_10_90.csv,5000,10/90,c,1,2,1,23,1.65,10.94,27,390000,102,0.863608
5000_100_0.csv,5000,100/0,c,1,4,2,10,0.86,10.28,17,202000,58,0.928324
5000_20_80.csv,5000,20/80,c,1,1,1,22,1.57,11.03,25,370000,96,0.795063
5000_30_70.csv,5000,30/70,c,1,1,1,19,1.46,11.8,22,322000,84,0.81437
5000_40_60.csv,5000,40/60,c,1,1,1,19,1.39,11.18,22,322000,84,0.870453
5000_50_50.csv,5000,50/50,c,1,1,2,17,1.29,10.99,21,302000,80,0.856904
5000_60_40.csv,5000,60/40,c,1,1,1,17,1.22,10.92,20,290000,76,0.851528
5000_70_30.csv,5000,70/30,c,1,1,2,15,1.14,10.83,19,270000,72,0.921234
5000_80_20.csv,5000,80/20,c,2,1,4,11,1.02,10.99,18,232000,66,0.879604
5000_90_10.csv,5000,90/10,c,1,1,1,13,0.97,11.02,16,226000,60,0.896943
7500_0_100.csv,7500,0/100,c,1,1,1,24,2.55,16.53,27,402000,104,0.904563
7500_10_90.csv,7500,10/90,c,1,1,2,23,2.45,15.99,27,398000,104,0.87499
7500_100_0.csv,7500,100/0,c,1,4,2,10,1.29,15.39,17,202000,58,0.955782
7500_20_80.csv,7500,20/80,c,1,1,1,21,2.33,17.1,24,354000,92,0.882819
7500_30_70.csv,7500,30/70,c,1,1,1,21,2.18,16.02,24,354000,92,0.874834
7500_40_60.csv,7500,40/60,c,1,1,2,18,2.02,16.42,22,318000,84,0.878293
7500_50_50.csv,7500,50/50,c,1,1,2,17,1.9,16.27,21,302000,80,0.89752
7500_60_40.csv,7500,60/40,c,1,1,1,17,1.83,16.36,20,290000,76,0.894226
7500_70_30.csv,7500,70/30,c,1,1,1,16,1.68,15.83,19,274000,72,0.948423
7500_80_20.csv,7500,80/20,c,1,1,2,14,1.56,15.79,18,254000,68,0.91834
7500_90_10.csv,7500,90/10,c,1,5,1,12,1.43,15.16,19,226000,64,0.932427
10000_0_100.csv,10000,0/100,c,1,1,1,24,3.38,21.98,27,402000,104,0.904677
10000_10_90.csv,10000,10/90,c,1,1,2,23,3.19,20.86,27,398000,104,0.894348
10000_100_0.csv,10000,100/0,c,1,4,2,10,1.72,20.42,17,202000,58,0.970003
10000_20_80.csv,10000,20/80,c,1,1,2,22,3.06,20.8,26,382000,100,0.923407
10000_30_70.csv,10000,30/70,c,1,1,1,21,2.91,21.4,24,354000,92,0.924744
10000_40_60.csv,10000,40/60,c,1,1,1,20,2.73,21.0,23,338000,88,0.927683
10000_50_50.csv,10000,50/50,c,1,1,2,17,2.52,21.58,21,302000,80,0.895453
10000_60_40.csv,10000,60/40,c,1,1,2,17,2.43,20.73,21,302000,80,0.898688
10000_70_30.csv,10000,70/30,c,1,1,2,15,2.22,21.11,19,270000,72,0.929767
10000_80_20.csv,10000,80/20,c,1,5,1,13,2.08,20.77,20,242000,68,0.947497
10000_90_10.csv,10000,90/10,c,2,4,1,12,1.88,20.21,19,224000,64,0.960687
12500_0_100.csv,12500,0/100,c,1,1,1,24,4.24,27.52,27,402000,104,0.922992
12500_10_90.csv,12500,10/90,c,1,1,1,24,4.02,26.1,27,402000,104,0.950555
12500_100_0.csv,12500,100/0,c,1,4,2,10,2.14,25.44,17,202000,58,0.973867
12500_20_80.csv,12500,20/80,c,1,1,1,23,3.83,25.87,26,386000,100,0.930138
12500_30_70.csv,12500,30/70,c,1,1,1,21,3.6,26.45,24,354000,92,0.941722
12500_40_60.csv,12500,40/60,c,1,1,1,20,3.41,26.26,23,338000,88,0.940174
12500_50_50.csv,12500,50/50,c,1,1,2,17,3.12,26.64,21,302000,80,0.923836
12500_60_40.csv,12500,60/40,c,1,1,2,17,3.02,25.84,21,302000,80,0.951159
12500_70_30.csv,12500,70/30,c,1,1,2,15,2.79,26.53,19,270000,72,0.938688
12500_80_20.csv,12500,80/20,c,1,1,2,14,2.56,25.85,18,254000,68,0.954015
12500_90_10.csv,12500,90/10,c,2,4,1,12,2.34,25.16,19,224000,64,0.978902
15000_0_100.csv,15000,0/100,c,1,1,2,23,5.04,32.91,27,398000,104,0.908545
15000_10_90.csv,15000,10/90,c,1,1,1,24,4.8,31.14,27,402000,104,0.942526
15000_100_0.csv,15000,100/0,c,1,4,2,10,2.56,30.46,17,202000,58,0.977592
15000_20_80.csv,15000,20/80,c,1,1,1,23,4.63,31.28,26,386000,100,0.92071
15000_30_70.csv,15000,30/70,c,1,1,1,21,4.3,31.65,24,354000,92,0.929926
15000_40_60.csv,15000,40/60,c,1,1,1,20,4.09,31.44,23,338000,88,0.938503
15000_50_50.csv,15000,50/50,c,1,1,2,18,3.8,30.86,22,318000,84,0.918036
15000_60_40.csv,15000,60/40,c,1,1,1,17,3.56,31.75,20,290000,76,0.9445
15000_70_30.csv,15000,70/30,c,1,1,2,15,3.31,31.55,19,270000,72,0.938004
15000_80_20.csv,15000,80/20,c,1,1,2,14,3.05,30.78,18,254000,68,0.952909
15000_90_10.csv,15000,90/10,c,1,1,2,13,2.81,30.2,17,238000,64,0.964685
17500_0_100.csv,17500,0/100,c,2,1,4,22,5.89,37.02,29,408000,110,0.941767
17500_10_90.csv,17500,10/90,c,1,1,2,23,5.55,36.29,27,398000,104,0.950213
17500_100_0.csv,17500,100/0,c,1,4,2,10,2.98,35.52,17,202000,58,0.976543
17500_20_80.csv,17500,20/80,c,1,1,1,23,5.36,36.23,26,386000,100,0.94173
17500_30_70.csv,17500,30/70,c,1,1,1,21,5.01,36.84,24,354000,92,0.946358
17500_40_60.csv,17500,40/60,c,1,1,1,20,4.8,36.89,23,338000,88,0.95819
17500_50_50.csv,17500,50/50,c,1,1,2,18,4.43,35.99,22,318000,84,0.960673
17500_60_40.csv,17500,60/40,c,1,1,1,17,4.14,37.0,20,290000,76,0.931615
17500_70_30.csv,17500,70/30,c,1,1,1,16,3.87,36.51,19,274000,72,0.967564
17500_80_20.csv,17500,80/20,c,1,1,1,15,3.61,36.07,18,258000,68,0.954668
17500_90_10.csv,17500,90/10,c,2,4,1,12,3.28,35.32,19,224000,64,0.965794
20000_0_100.csv,20000,0/100,c,1,1,2,25,6.71,40.68,29,430000,112,0.952485
20000_10_90.csv,20000,10/90,c,1,1,2,23,6.35,41.52,27,398000,104,0.956056
20000_100_0.csv,20000,100/0,c,1,4,2,10,3.41,40.57,17,202000,58,0.984255
20000_20_80.csv,20000,20/80,c,1,1,2,22,6.08,41.36,26,382000,100,0.951952
20000_30_70.csv,20000,30/70,c,1,1,2,20,5.73,42.45,24,350000,92,0.937084
20000_40_60.csv,20000,40/60,c,1,1,1,20,5.42,41.7,23,338000,88,0.951512
20000_50_50.csv,20000,50/50,c,1,1,2,18,5.06,41.1,22,318000,84,0.965542
20000_60_40.csv,20000,60/40,c,1,1,2,17,4.77,40.76,21,302000,80,0.965724
20000_70_30.csv,20000,70/30,c,1,1,2,15,4.39,41.83,19,270000,72,0.959063
20000_80_20.csv,20000,80/20,c,1,1,1,15,4.1,41.02,18,258000,68,0.977833
20000_90_10.csv,20000,90/10,c,1,1,1,14,3.78,40.25,17,242000,64,0.956116
